University,State,pretty_name,State_Abb,location_name,food_name,City,Type,Has_Grad_Program,city_pop,undergrad_pop,city_long,city_lat,zip,uni_long,uni_lat,Monthly_food,appartment_mean_cost,Appartment_Min,Appartment_Max,Gas,gas_per_month,Car_Maintenance,Total_Cost,Min_Cost,Max_Cost
Appalachian State University,North Carolina,"Boone, North Carolina",NC,Boone North Carolina,Boone-NC,Boone,Regional,yes,19092,18486,-81.6669,36.2111,28608,-81.681,36.2155,318.93,1593.5,1349,1749,3.29,138.0612673,66,2116.491267,1871.991267,2271.991267
Arkansas Tech University,Arkansas,"Russellville, Arkansas",AR,Russellville Arkansas,Russellville-AR,Russellville,Regional,yes,28940,6467,-93.1383,35.2762,72801-2222,-93.136,35.2932,318.15,808,590,1337.5,2.99,125.472094,66,1317.622094,1099.622094,1847.122094
Auburn University,Alabama,"Auburn, Alabama",AL,Auburn Alabama,Auburn-AL,Auburn,Land grant,yes,76143,24782,-85.4903,32.6087,36849,-85.488,32.5994,348.94,1266.17,760,3450,2.97,124.6328158,66,1805.742816,1299.572816,3989.572816
Ball State University,Indiana,"Muncie, Indiana",IN,Muncie Indiana,Muncie-IN,Muncie,Regional,yes,65194,13896,-85.395,40.1989,47306,-85.409,40.2034,316.33,926.56,612.5,1575,3.39,142.2576584,66,1451.147658,1137.087658,2099.587658
Bemidji State University,Minnesota,"Bemidji, Minnesota",MN,Bemidji Minnesota,Bemidji-MN,Bemidji,Regional,yes,14574,3508,-94.8797,47.4828,56601,-94.874,47.4823,321.53,913.12,870,945,3.29,138.0612673,66,1438.711267,1395.591267,1470.591267
Binghamton University,New York,"Binghamton, New York",NY,Binghamton New York,Binghamton-NY,Binghamton,Flagship,yes,47969,14303,-75.9093,42.1014,13850-6000,-75.967,42.0879,314.6,1277.69,785,2200,3.09,129.6684851,66,1787.958485,1295.268485,2710.268485
Bloomsburg University of Pennsylvania,Pennsylvania,"Bloomsburg, Pennsylvania",PA,Bloomsburg Pennsylvania,Bloomsburg-PA,Bloomsburg,Regional,yes,12711,6719,-76.4561,41.0027,17815,-76.448,41.0078,318.07,1325,900,1750,3.3,138.4809064,66,1847.550906,1422.550906,2272.550906
Bowling Green State University,Ohio,"Bowling Green, Ohio",OH,Bowling Green Ohio,Bowling-Green-OH,Bowling Green,Regional,yes,30808,2511,-83.6495,41.3776,43403,-83.641,41.3755,314.69,1007.15,628.5,1646,3.24,135.9630718,66,1523.803072,1145.153072,2162.653072
Bridgewater State University,Massachusetts,"Bridgewater, Massachusetts",MA,Bridgewater Massachusetts,Bridgewater-MA,Bridgewater,Regional,yes,28633,8142,41.9888,70.9663,2325,-70.975,41.9875,312,2537.76,1225,4004.5,3.19,133.8648762,66,3049.624876,1736.864876,4516.364876
California Polytechnic State University-San Luis Obispo,California,"San Luis Obispo, California",CA,San Luis Obispo California,San-Luis-Obispo-CA,San Luis Obispo,Regional,yes,47063,21090,-120.669,35.2669,93407,-120.66,35.2995,319.45,2280.83,1195,2950,5.19,217.7926983,66,2884.072698,1798.242698,3553.242698
California State Polytechnic University-Humboldt,California,"Arcata, California",CA,Arcata California,Arcata-CA,Arcata,Regional,yes,18857,5336,-124.076,40.8615,95521-8299,-124.08,40.8775,323.14,1213.12,885,1550,5.39,226.1854805,66,1828.44548,1500.32548,2165.32548
California State University-Chico,California,"Chico, California",CA,Chico California,Chico-CA,Chico,Regional,yes,101475,14343,-121.816,39.7578,95929-0150,-121.84,39.7297,323.14,1251.4,588,1866,4.79,201.0071339,66,1841.547134,1178.147134,2456.147134
California University of Pennsylvania,Pennsylvania,"California, Pennsylvania",PA,California Pennsylvania,California-PA,California,Regional,yes,5362,4314,-79.9152,40.0692,15419-1394,-79.887,40.065,316.33,1021.77,712.5,1572.5,3.69,154.8468317,66,1558.946832,1249.676832,2109.676832
Carleton College,Minnesota,"Northfield, Minnesota",MN,Northfield Minnesota,Northfield-MN,Northfield,Mix,yes,20790,2008,-93.1698,44.455,55057,-93.155,44.4623,320.67,1400.62,710,2150,3.25,136.3827109,66,1923.672711,1233.052711,2673.052711
Central Michigan University,Michigan,"Mount Pleasant, Michigan",MI,Mount Pleasant Michigan,Mount-Pleasant-MI,Mount Pleasant,Regional,yes,21688,11323,-84.7759,43.5966,48859,-84.775,43.5912,317.2,845.31,705,1072.5,3.44,144.355854,66,1372.865854,1232.555854,1600.055854
Central Washington University,Washington,"Ellensburg, Washington",WA,Ellensburg Washington,Ellensburg-WA,Ellensburg,Regional,yes,18666,9508,-120.548,46.9999,98926,-120.54,47.0027,316.75,1029,840,1450,3.89,163.2396139,66,1574.989614,1385.989614,1995.989614
Clarion University of Pennsylvania,Pennsylvania,"Clarion, Pennsylvania",PA,Clarion Pennsylvania,Clarion-PA,Clarion,Regional,yes,3931,3071,-79.3803,41.2106,16214,-79.378,41.2078,316.33,557.5,557.5,557.5,3.49,146.4540495,66,1086.28405,1086.28405,1086.28405
Clemson University,South Carolina,"Clemson, South Carolina",SC,Clemson South Carolina,Clemson-SC,Clemson,Land grant,yes,17681,21577,-82.8124,34.6837,29634,-82.835,34.6794,320.02,1125.88,655,1700,3.01,126.3113722,66,1638.211372,1167.331372,2212.331372
Colorado State University-Fort Collins,Colorado,"Fort Collins, Colorado",CO,Fort Collins Colorado,Fort-Collins-CO,Fort Collins,Regional,yes,169810,24344,-105.066,40.5477,80523-0100,-105.08,40.5748,312.78,1776.29,1093.5,3276,3.91,164.0788922,66,2319.148892,1636.358892,3818.858892
Dakota State University,South Dakota,"Madison, South Dakota",SD,Madison South Dakota,Madison-SD,Madison,Regional,yes,6191,1910,-97.1085,44.0062,57042-1799,-97.113,44.013,321.53,877.5,877.5,877.5,2.99,125.472094,66,1390.502094,1390.502094,1390.502094
East Carolina University,North Carolina,"Greenville, North Carolina",NC,Greenville North Carolina,Greenville-NC,Greenville,Regional,yes,87521,21231,-77.376,35.5943,27858-4353,-77.368,35.6072,318.07,1011.04,670,1430,3.19,133.8648762,66,1528.974876,1187.934876,1947.934876
East Stroudsburg University of Pennsylvania,Pennsylvania,"East Stroudsburg, Pennsylvania",PA,East Stroudsburg Pennsylvania,East-Stroudsburg-PA,East Stroudsburg,Regional,yes,9669,4275,-75.1779,41.0023,18301-2999,-75.174,40.996,320.23,1796.9,1410,2470,3.5,146.8736886,66,2330.003689,1943.103689,3003.103689
Eastern Connecticut State University,Connecticut,"Willimantic, Connecticut",CT,Willimantic Connecticut,Willimantic-CT,Willimantic,Regional,yes,18149,3767,-72.2114,41.7171,6226,-72.219,41.7217,316.77,1746.17,1100,2437.5,3.19,133.8648762,66,2262.804876,1616.634876,2954.134876
Eastern Illinois University,Illinois,"Charleston, Illinois",IL,Charleston Illinois,Charleston-IL,Charleston,Regional,yes,17286,4616,-88.1781,39.4842,61920,-88.176,39.4798,349.01,643.6,383,885,3.45,144.7754931,66,1203.385493,942.7854931,1444.785493
Eastern Kentucky University,Kentucky,"Richmond, Kentucky",KY,Richmond Kentucky,Richmond-KY,Richmond,Regional,yes,34585,10987,-84.2925,37.7307,40475-3102,-84.301,37.7408,312.09,834,600,1299,3.19,133.8648762,66,1345.954876,1111.954876,1810.954876
Eastern Michigan University,Michigan,"Ypsilanti, Michigan",MI,Ypsilanti Michigan,Ypsilanti-MI,Ypsilanti,Regional,yes,20648,12344,-83.6208,42.244,48197,-83.627,42.2517,318.5,1130.15,715,1738,3.27,137.2219891,66,1651.871989,1236.721989,2259.721989
Eastern New Mexico University,New Mexico,"Portales, New Mexico",NM,Portales New Mexico,Portales-NM,Portales,Regional,yes,12137,2861,-103.357,34.1754,88130,-103.35,34.1756,316.25,450,450,450,2.99,125.472094,66,957.722094,957.722094,957.722094
Eastern Washington University,Washington,"Cheney, Washington",WA,Cheney Washington,Cheney-WA,Cheney,Regional,yes,13255,7589,-117.579,47.4901,99004-2496,-117.58,47.4907,316.75,937.88,572,1175,3.69,154.8468317,66,1475.476832,1109.596832,1712.596832
Edinboro University of Pennsylvania,Pennsylvania,"Edinboro, Pennsylvania",PA,Edinboro Pennsylvania,Edinboro-PA,Edinboro,Regional,yes,4964,2779,-80.1247,41.8762,16444-0001,-80.121,41.8707,315.99,950.86,582.5,2093,3.69,154.8468317,66,1487.696832,1119.336832,2629.836832
Empire State University,New York,"Saratoga Springs, New York",NY,Saratoga Springs New York,Saratoga-Springs-NY,Saratoga Springs,Mix,yes,28491,7289,-73.7775,43.0674,12866-4391,-73.782,43.0773,317.2,1898.31,1300,3060,3.44,144.355854,66,2425.865854,1827.555854,3587.555854
Emporia State University,Kansas,"Emporia, Kansas",KS,Emporia Kansas,Emporia-KS,Emporia,Regional,yes,24139,2859,-96.1932,38.4028,66801-5415,-96.179,38.4148,318.15,581.57,370,771,2.99,125.472094,66,1091.192094,879.622094,1280.622094
Fairmont State University,West Virginia,"Fairmont, West Virginia",WV,Fairmont West Virginia,Fairmont-WV,Fairmont,Regional,yes,18416,2908,-80.1491,39.4768,26554-2470,-80.162,39.4831,314.17,999.43,532,1902.5,3.39,142.2576584,66,1521.857658,1054.427658,2424.927658
Ferris State University,Michigan,"Big Rapids, Michigan",MI,Big Rapids Michigan,Big-Rapids-MI,Big Rapids,Regional,yes,7727,8810,-85.4806,43.6992,49307-2251,-85.482,43.6877,317.89,1299,1299,1299,3.49,146.4540495,66,1829.34405,1829.34405,1829.34405
Florida A & M University,Florida,"Tallahassee, Florida",FL,Tallahassee Florida,Tallahassee-FL,Tallahassee,Mix,yes,196169,7005,-84.2527,30.4551,32307,-84.29,30.4285,350.74,1312.06,815,2145.5,3.39,142.2576584,66,1871.057658,1373.997658,2704.497658
Florida State University,Florida,"Tallahassee, Florida",FL,Tallahassee Florida,Tallahassee-FL,Tallahassee,Mix,yes,196169,33368,-84.2527,30.4551,32306-1037,-84.295,30.4431,350.74,1312.06,815,2145.5,3.39,142.2576584,66,1871.057658,1373.997658,2704.497658
Fort Lewis College,Colorado,"Durango, Colorado",CO,Durango Colorado,Durango-CO,Durango,Regional,yes,19071,3260,-107.878,37.2659,81301-3999,-107.87,37.2759,316.68,1750.25,1565,1962,3.23,135.5434326,66,2268.473433,2083.223433,2480.223433
Fort Valley State University,Georgia,"Fort Valley, Georgia",GA,Fort Valley Georgia,Fort-Valley-GA,Fort Valley,Black,yes,8780,2635,-83.8817,32.552,31030-4313,-83.895,32.5376,312.87,1126.91,679,1744,3.09,129.6684851,66,1635.448485,1187.538485,2252.538485
Frostburg State University,Maryland,"Frostburg, Maryland",MD,Frostburg Maryland,Frostburg-MD,Frostburg,Regional,yes,7027,3289,-78.9269,39.6506,21532-1099,-78.934,39.6509,316.33,912.25,767.5,1057,3.37,141.4183802,66,1435.99838,1291.24838,1580.74838
Georgia College & State University,Georgia,"Milledgeville, Georgia",GA,Milledgeville Georgia,Milledgeville-GA,Milledgeville,Regional,yes,17070,5489,-83.2414,33.0874,31061,-83.232,33.0828,317.85,952.12,669,1409,3.05,127.9899287,66,1463.959929,1180.839929,1920.839929
Georgia Southern University,Georgia,"Statesboro, Georgia",GA,Statesboro Georgia,Statesboro-GA,Statesboro,Regional,yes,33438,22404,-81.7751,32.4375,30460-8126,-81.784,32.4262,318.07,1045.83,737.5,1510,3.1,130.0881242,66,1559.988124,1251.658124,2024.158124
Grambling State University,Louisiana,"Grambling, Louisiana",LA,Grambling Louisiana,Grambling-LA,Grambling,Black,yes,5239,4405,-92.7124,32.5275,71245,-92.713,32.5238,320.32,795,595,1220,2.94,123.3738984,66,1304.693898,1104.693898,1729.693898
Henderson State University,Arkansas,"Arkadelphia, Arkansas",AR,Arkadelphia Arkansas,Arkadelphia-AR,Arkadelphia,Mix,yes,10380,2205,-93.0729,34.1253,71999-0001,-93.06,34.1282,318.15,715,715,715,2.95,123.7935376,66,1222.943538,1222.943538,1222.943538
Idaho State University,Idaho,"Pocatello, Idaho",ID,Pocatello Idaho,Pocatello-ID,Pocatello,Regional,yes,56320,6842,-112.465,42.8724,83209,-112.43,42.8638,314.08,933.5,625,1370,3.22,135.1237935,66,1448.703794,1140.203794,1885.203794
Indiana State University,Indiana,"Terre Haute, Indiana",IN,Terre Haute Indiana,Terre-Haute-IN,Terre Haute,Regional,yes,58389,7653,-87.3751,39.466,47809,-87.408,39.4691,317.2,831.12,587.5,1207.5,3.29,138.0612673,66,1352.381267,1108.761267,1728.761267
Indiana University of Pennsylvania,Pennsylvania,"Indiana, Pennsylvania",PA,Indiana Pennsylvania,Indiana-PA,Indiana,Regional,yes,14044,6989,-79.1552,40.622,15705,-79.159,40.6175,314.17,721.6,500,798,3.69,154.8468317,66,1256.616832,1035.016832,1333.016832
Indiana University-Bloomington,Indiana,"Bloomington, Indiana",IN,Bloomington Indiana,Bloomington-IN,Bloomington,Flagship,yes,79168,33995,-86.5257,39.1637,47405-7000,-86.527,39.1661,317.2,1203.44,621.5,1762,3.59,150.6504406,66,1737.290441,1155.350441,2295.850441
Iowa State University,Iowa,"Ames, Iowa",IA,Ames Iowa,Ames-IA,Ames,Land grant,yes,66427,25537,-93.6217,42.0256,50011-2103,-93.649,42.0262,316.16,863.67,620,1225,3.24,135.9630718,66,1381.793072,1138.123072,1743.123072
Jacksonville State University,Alabama,"Jacksonville, Alabama",AL,Jacksonville Alabama,Jacksonville-AL,Jacksonville,Regional,yes,14385,6992,-85.7545,33.8088,36265,-85.765,33.8229,320.45,804.36,459,1050,2.99,125.472094,66,1316.282094,970.922094,1561.922094
James Madison University,Virginia,"Harrisonburg, Virginia",VA,Harrisonburg Virginia,Harrisonburg-VA,Harrisonburg,Regional,yes,51814,19743,-78.8735,38.4362,22807,-78.87,38.4363,318.5,1344.06,1067.5,1782.5,3.29,138.0612673,66,1866.621267,1590.061267,2305.061267
Kansas State University,Kansas,"Manhattan, Kansas",KS,Manhattan Kansas,Manhattan-KS,Manhattan,Land grant,yes,54100,15372,-96.6048,39.1886,66506,-96.581,39.1886,315.99,800.11,644,1099,2.99,125.472094,66,1307.572094,1151.462094,1606.462094
Kent State University,Ohio,"Kent, Ohio",OH,Kent Ohio,Kent-OH,Kent,Regional,yes,28215,20136,-81.361,41.149,44240,-81.343,41.1467,315.99,1075.08,687.5,1794,3.15,132.1863198,66,1589.25632,1201.67632,2308.17632
Kutztown University of Pennsylvania,Pennsylvania,"Kutztown, Pennsylvania",PA,Kutztown Pennsylvania,Kutztown-PA,Kutztown,Regional,yes,4162,6484,-75.7772,40.5212,19530-0730,-75.784,40.5136,318.07,1590.46,1125,2399.5,3.51,147.2933277,66,2121.823328,1656.363328,2930.863328
Lock Haven University,Pennsylvania,"Lock Haven, Pennsylvania",PA,Lock Haven Pennsylvania,Lock-Haven-PA,Lock Haven,Regional,yes,8108,2361,-77.4521,41.1365,17745-2390,-77.46,41.1415,318.07,920,920,920,3.59,150.6504406,66,1454.720441,1454.720441,1454.720441
Longwood University,Virginia,"Farmville, Virginia",VA,Farmville Virginia,Farmville-VA,Farmville,Regional,yes,7473,3200,-78.4002,37.2959,23909,-78.397,37.298,318.93,680.5,680.5,680.5,3.29,138.0612673,66,1203.491267,1203.491267,1203.491267
Louisiana Tech University,Louisiana,"Ruston, Louisiana",LA,Ruston Louisiana,Ruston-LA,Ruston,Regional,yes,22166,7785,-92.6363,32.5328,71272,-92.65,32.5283,318.5,795,595,1220,2.69,112.8829207,66,1292.382921,1092.382921,1717.382921
Marshall University,West Virginia,"Huntington, West Virginia",WV,Huntington West Virginia,Huntington-WV,Huntington,Regional,yes,46842,7175,-82.4345,38.4109,25755,-82.429,38.4225,313.28,916.35,550,1689.5,3.39,142.2576584,66,1437.887658,1071.537658,2211.037658
Miami University,Ohio,"Oxford, Ohio",OH,Oxford Ohio,Oxford-OH,Oxford,Flagship,yes,23035,16868,-84.7446,39.5061,45056,-84.733,39.5078,314.25,1226.22,810,1961.5,3.09,129.6684851,66,1736.138485,1319.918485,2471.418485
Michigan State University,Michigan,"East Lansing, Michigan",MI,East Lansing Michigan,East-Lansing-MI,East Lansing,Land grant,yes,47741,38424,-84.4836,42.748,48824-1046,-84.476,42.7321,313.73,1315.74,887.5,2805.5,3.54,148.5522451,66,1844.022245,1415.782245,3333.782245
Middle Tennessee State University,Tennessee,"Murfreesboro, Tennessee",TN,Murfreesboro Tennessee,Murfreesboro-TN,Murfreesboro,Regional,yes,152769,17713,-86.4121,35.849,37132,-86.361,35.848,318.59,1503.51,1027.5,2532,3.19,133.8648762,66,2021.964876,1545.954876,3050.454876
Millersville University of Pennsylvania,Pennsylvania,"Millersville, Pennsylvania",PA,Millersville Pennsylvania,Millersville-PA,Millersville,Regional,yes,7903,6093,-76.3522,40.0047,17551-0302,-76.357,40.0003,318.07,1519.6,1209,2313.5,3.68,154.4271926,66,2058.097193,1747.497193,2851.997193
Minnesota State University-Mankato,Minnesota,"Mankato, Minnesota",MN,Mankato Minnesota,Mankato-MN,Mankato,Regional,yes,44488,11500,-93.9772,44.1715,56001,-93.999,44.1467,323.27,1145.33,805,1995,3.29,138.0612673,66,1672.661267,1332.331267,2522.331267
Mississippi State University,Mississippi,"Starkville, Mississippi",MS,Starkville Mississippi,Starkville-MS,Starkville,Land grant,yes,24360,18451,-88.8297,33.4608,39762,-88.79,33.4549,318.72,966.62,612.5,1350,2.93,122.9542593,66,1474.294259,1120.174259,1857.674259
Missouri University of Science and Technology,Missouri,"Rolla, Missouri",MO,Rolla Missouri,Rolla-MO,Rolla,Regional,yes,19943,5668,-91.7607,37.9459,65409,-91.776,37.9534,318.59,774.67,615,1050,2.99,125.472094,66,1284.732094,1125.062094,1560.062094
Montana State University,Montana,"Bozeman, Montana",MT,Bozeman Montana,Bozeman-MT,Bozeman,Land grant,yes,53293,14329,-111.056,45.6833,59717,-111.05,45.6667,311.91,2018.15,1600,2432.5,3.31,138.9005455,66,2534.960546,2116.810546,2949.310546
Morehead State University,Kentucky,"Morehead, Kentucky",KY,Morehead Kentucky,Morehead-KY,Morehead,Regional,yes,7151,5210,-83.4466,38.1906,40351,-83.434,38.1868,312.09,750,750,750,3.14,131.7666807,66,1259.856681,1259.856681,1259.856681
New Mexico State University,New Mexico,"Las Cruces, New Mexico",NM,Las Cruces New Mexico,Las-Cruces-NM,Las Cruces,Land grant,yes,111385,4707,-106.789,32.3265,88003-8001,-106.75,32.2816,318.07,1109.85,725,1950,2.99,125.472094,66,1619.392094,1234.542094,2459.542094
Nicholls State University,Louisiana,"Thibodaux, Louisiana",LA,Thibodaux Louisiana,Thibodaux-LA,Thibodaux,Regional,yes,15948,5181,-90.8146,29.7949,70310,-90.802,29.7945,321.1,1054.04,797.5,1430,2.99,125.472094,66,1566.612094,1310.072094,1942.572094
North Carolina State University,North Carolina ,"Raleigh, North Carolina ",NC,Raleigh North Carolina,Raleigh-NC,Raleigh,Land grant,yes,"476,665","34,015",-78.6382,35.7796,27606,-78.6813,35.7851,360.9383,1551.863,1060.5,2294.5,3.19,133.8648762,66,2112.666176,1621.303176,2855.303176
Northeastern State University,Oklahoma,"Tahlequah, Oklahoma",OK,Tahlequah Oklahoma,Tahlequah-OK,Tahlequah,Regional,yes,16209,5212,-94.977,35.9112,74464-2399,-94.967,35.9199,316.77,700,700,700,2.89,121.2757029,66,1204.045703,1204.045703,1204.045703
Northern Arizona University,Arizona,"Flagstaff, Arizona",AZ,Flagstaff Arizona,Flagstaff-AZ,Flagstaff,Regional,yes,76831,23772,-111.619,35.1872,86011-4092,-111.65,35.1884,315.9,1977.02,1301.5,3819,3.49,146.4540495,66,2505.37405,1829.85405,4347.35405
Northern Illinois University,Illinois,"DeKalb, Illinois",IL,DeKalb Illinois,DeKalb-IL,DeKalb,Regional,yes,40290,11819,-88.7481,41.9314,60115-2828,-88.766,41.9339,316.77,917.47,590,1450,3.51,147.2933277,66,1447.533328,1120.063328,1980.063328
Northern Michigan University,Michigan,"Marquette, Michigan",MI,Marquette Michigan,Marquette-MI,Marquette,Regional,yes,20629,6330,-87.4082,46.544,49855-5301,-87.407,46.5598,318.5,1517.75,1030.5,2052.5,3.25,136.3827109,66,2038.632711,1551.382711,2573.382711
Northwest Missouri State University,Missouri,"Maryville, Missouri",MO,Maryville Missouri,Maryville-MO,Maryville,Regional,yes,10633,4760,-94.8702,40.3428,64468-6001,-94.883,40.3517,319.02,795,795,795,2.84,119.1775073,66,1299.197507,1299.197507,1299.197507
Northwestern State University,Louisiana,"Natchitoches, Louisiana",LA,Natchitoches Louisiana,Natchitoches-LA,Natchitoches,Regional,yes,18039,7513,-93.0975,31.7315,71497-0002,-93.098,31.7507,318.5,875,875,875,2.82,118.3382291,66,1377.838229,1377.838229,1377.838229
Ohio State University,Ohio,"Columbus, Ohio",OH,Columbus Ohio,Columbus-OH,Columbus,,yes,"907,971","46,123",83.0305,40.0067,43210,-83.0305,40.0067,,1358.61,847.5,2612.5,3.59,,66,,,
Ohio University,Ohio,"Athens, Ohio",OH,Athens Ohio,Athens-OH,Athens,Flagship,yes,23849,17899,-82.0987,39.327,45701-2979,-82.101,39.3268,312.09,814.38,444,1450,3.35,140.579102,66,1333.049102,962.669102,1968.669102
Oklahoma State University,Oklahoma,"Stillwater, Oklahoma",OK,Stillwater Oklahoma,Stillwater-OK,Stillwater,Land grant,yes,48394,19841,-97.0742,36.1317,74078-1015,-97.07,36.1231,314.17,818.47,584.5,1250,2.89,121.2757029,66,1319.915703,1085.945703,1751.445703
Oregon State University,Oregon,"Corvallis, Oregon",OR,Corvallis Oregon,Corvallis-OR,Corvallis,Land grant,yes,59922,27038,-123.278,44.5698,97331,-123.27,44.564,324.98,1379.86,675,1704,3.65,153.1682753,66,1924.008275,1219.148275,2248.148275
Pittsburg State University,Kansas,"Pittsburg, Kansas",KS,Pittsburg Kansas,Pittsburg-KS,Pittsburg,Regional,yes,20646,4292,-94.6985,37.4129,66762,-94.702,37.3921,315.99,686.5,475,845,2.89,121.2757029,66,1189.765703,978.2657029,1348.265703
Plymouth State University,New Hampshire,"Plymouth, New Hampshire",NH,Plymouth New Hampshire,Plymouth-NH,Plymouth,Regional,yes,6682,3486,43.7615,71.6863,03264-1595,-71.69,43.7596,313.73,1740,1622.5,1857.5,3.09,129.6684851,66,2249.398485,2131.898485,2366.898485
Prairie View A&M University,Texas,"Prairie View, Texas",TX,Prairie View Texas,Prairie-View-TX,Prairie View,Black,yes,8184,8444,-95.9892,30.0847,77446,-95.989,30.0924,314.17,1605.25,712.5,2685.5,2.99,125.472094,66,2110.892094,1218.142094,3191.142094
Purdue University,Indiana,"West Lafayette, Indiana",IN,West Lafayette Indiana,West-Lafayette-IN,West Lafayette,Land grant,yes,44595,37658,-86.9238,40.4432,47907-2040,-86.914,40.4282,353.34,1382.32,845,2099,3.47,145.6147713,66,1947.274771,1409.954771,2663.954771
Radford University,Virginia,"Radford, Virginia",VA,Radford Virginia,Radford-VA,Radford,Regional,yes,16070,6437,-80.5587,37.1229,24142,-80.55,37.1369,318.5,1190.8,594.5,1740,3.29,138.0612673,66,1713.361267,1117.061267,2262.561267
Rowan University,New Jersey,"Glassboro, New Jersey",NJ,Glassboro New Jersey,Glassboro-NJ,Glassboro,Regional,yes,23149,14925,-75.1113,39.7014,8028,-75.119,39.7091,320.23,1997.67,899,4082.5,3.03,127.1506504,66,2511.05065,1412.38065,4595.88065
Saint Cloud State University,Minnesota,"St. Cloud, Minnesota",MN,St. Cloud Minnesota,St.-Cloud-MN,St. Cloud,Regional,yes,68881,6054,-94.1718,45.534,56301-4498,-94.153,45.5532,323.27,959.05,720,1505,2.84,119.1775073,66,1467.497507,1228.447507,2013.447507
Salisbury University,Maryland,"Salisbury, Maryland",MD,Salisbury Maryland,Salisbury-MD,Salisbury,Regional,yes,33050,6455,-75.5865,38.3756,21801-6862,-75.605,38.3465,316.77,1319,878,1512.5,3.19,133.8648762,66,1835.634876,1394.634876,2029.134876
Sam Houston State University,Texas,"Huntsville, Texas",TX,Huntsville Texas,Huntsville-TX,Huntsville,Regional,yes,45941,18288,-95.5567,30.7009,77340,-95.546,30.7147,315.47,934.12,485,1409,2.71,113.7221989,66,1429.312199,980.1921989,1904.192199
Shippensburg University of Pennsylvania,Pennsylvania,"Shippensburg, Pennsylvania",PA,Shippensburg Pennsylvania,Shippensburg-PA,Shippensburg,Regional,yes,5478,4676,-77.5227,40.0484,17257-2299,-77.522,40.0579,318.07,1115.17,761,1592.5,3.52,147.7129668,66,1646.952967,1292.782967,2124.282967
Slippery Rock University of Pennsylvania,Pennsylvania,"Slippery Rock, Pennsylvania",PA,Slippery Rock Pennsylvania,Slippery-Rock-PA,Slippery Rock,Regional,yes,3081,6823,-80.058,41.0695,16057-1383,-80.046,41.0627,316.33,770.38,405.5,1115,3.66,153.5879144,66,1306.297914,941.4179144,1650.917914
South Carolina State University,South Carolina,"Orangeburg, South Carolina",SC,Orangeburg South Carolina,Orangeburg-SC,Orangeburg,Black,yes,13240,2063,-80.8671,33.4928,29117-0001,-80.849,33.498,317.2,962.5,825,1100,2.99,125.472094,66,1471.172094,1333.672094,1608.672094
South Dakota State University,South Dakota,"Brookings, South Dakota",SD,Brookings South Dakota,Brookings-SD,Brookings,Land grant,yes,23377,8651,-96.7859,44.3022,57007-1898,-96.782,44.3175,321.53,1128.62,943,1260,2.92,122.5346202,66,1638.68462,1453.06462,1770.06462
Southeast Missouri State University,Missouri,"Cape Girardeau, Missouri",MO,Cape Girardeau Missouri,Cape-Girardeau-MO,Cape Girardeau,Regional,yes,39540,7306,-89.5597,37.3109,63701,-89.531,37.3111,316.42,686.5,686.5,686.5,3.19,133.8648762,66,1202.784876,1202.784876,1202.784876
Southeastern Louisiana University,Louisiana,"Hammond, Louisiana",LA,Hammond Louisiana,Hammond-LA,Hammond,Regional,yes,19584,10106,-90.4563,30.5061,70402,-90.469,30.5147,316.77,944.88,600,1585,2.93,122.9542593,66,1450.604259,1105.724259,2090.724259
Southeastern Oklahoma State University,Oklahoma,"Durant, Oklahoma",OK,Durant Oklahoma,Durant-OK,Durant,Regional,yes,18589,2832,-96.3923,33.9949,74701-3347,-96.377,34.0068,315.9,870,645,1095,2.92,122.5346202,66,1374.43462,1149.43462,1599.43462
Southern Illinois University-Carbondale,Illinois,"Carbondale, Illinois",IL,Carbondale Illinois,Carbondale-IL,Carbondale,Regional,yes,21857,7973,-89.2237,37.7221,62901-4512,-89.217,37.7142,316.85,651.47,387.5,1214,3.49,146.4540495,66,1180.77405,916.8040495,1743.30405
Southern Illinois University-Edwardsville,Illinois,"Edwardsville, Illinois",IL,Edwardsville Illinois,Edwardsville-IL,Edwardsville,Regional,yes,26808,9903,-89.9874,38.7922,62026-1259,-89.998,38.7939,318.07,1588.37,675,3107,3.69,154.8468317,66,2127.286832,1213.916832,3645.916832
Southern Oregon University,Oregon,"Ashland, Oregon",OR,Ashland Oregon,Ashland-OR,Ashland,Regional,yes,21360,3208,-122.699,42.1905,97520,-122.7,42.1851,321.51,1575,1050,2100,3.89,163.2396139,66,2125.749614,1600.749614,2650.749614
Southern Utah University,Utah,"Cedar City, Utah",UT,Cedar City Utah,Cedar-City-UT,Cedar City,Regional,yes,35235,9297,-113.096,37.6834,84720,-113.07,37.6746,316.25,1042.5,990,1095,3.19,133.8648762,66,1558.614876,1506.114876,1611.114876
Southwest Minnesota State University,Minnesota,"Marshall, Minnesota",MN,Marshall Minnesota,Marshall-MN,Marshall,Regional,yes,13628,1982,-95.7897,44.4488,56258-5468,-95.76,44.4537,324.57,833.33,725,1000,2.92,122.5346202,66,1346.43462,1238.10462,1513.10462
Southwestern Oklahoma State University,Oklahoma,"Weatherford, Oklahoma",OK,Weatherford Oklahoma,Weatherford-OK,Weatherford,Regional,yes,12076,3541,-98.6853,35.538,73096-3001,-98.708,35.5353,316.33,610,610,610,3.01,126.3113722,66,1118.641372,1118.641372,1118.641372
Stephen F. Austin State University,Texas,"Nacogdoches, Texas",TX,Nacogdoches Texas,Nacogdoches-TX,Nacogdoches,Regional,yes,32147,9515,-94.6528,31.6134,75965,-94.649,31.6211,318.93,775.72,654,1075,2.77,116.2400336,66,1276.890034,1155.170034,1576.170034
Sul Ross State University,Texas,"Alpine, Texas",TX,Alpine Texas,Alpine-TX,Alpine,Regional,yes,6035,1603,-103.665,30.364,79832,-103.65,30.3631,316.16,675,675,675,3.15,132.1863198,66,1189.34632,1189.34632,1189.34632
SUNY at Fredonia,New York,"Fredonia, New York",NY,Fredonia New York,Fredonia-NY,Fredonia,Regional,yes,9585,3540,-79.3319,42.4407,14063-1136,-79.337,42.4522,311.13,794.25,788.5,800,3.49,146.4540495,66,1317.83405,1312.08405,1323.58405
SUNY Brockport,New York,"Brockport, New York",NY,Brockport New York,Brockport-NY,Brockport,Regional,yes,7104,5668,-77.9404,43.2137,14420-2919,-77.947,43.2119,316.77,1489.76,650,2414,3.32,139.3201846,66,2011.850185,1172.090185,2936.090185
SUNY College of Technology at Alfred,New York,"Alfred, New York",NY,Alfred New York,Alfred-NY,Alfred,Mix,yes,4896,3400,42.2552,77.7947,14802,-77.795,42.2553,314.6,1068.38,700,1414,3.39,142.2576584,66,1591.237658,1222.857658,1936.857658
SUNY College of Technology at Delhi,New York,"Delhi, New York",NY,Delhi New York,Delhi-NY,Delhi,Regional,yes,4795,2486,42.2781,74.916,13753-1100,-74.925,42.2699,315.9,860.17,750,952.5,3.25,136.3827109,66,1378.452711,1268.282711,1470.782711
SUNY Cortland,New York,"Cortland, New York",NY,Cortland New York,Cortland-NY,Cortland,Regional,yes,17556,5974,-76.1784,42.6004,13045-0900,-76.189,42.598,316.77,2018.27,885,9112.5,3.28,137.6416282,66,2538.681628,1405.411628,9632.911628
SUNY Geneseo,New York,"Geneseo, New York",NY,Geneseo New York,Geneseo-NY,Geneseo,Regional,yes,10483,4450,42.796,77.8239,14454-1465,-77.822,42.7966,316.77,1690.82,799,4052.5,3.41,143.0969366,66,2216.686937,1324.866937,4578.366937
SUNY New Paltz,New York,"New Paltz, New York",NY,New Paltz New York,New-Paltz-NY,New Paltz,Regional,yes,14407,6142,41.7386,74.0852,12561-2443,-74.082,41.7409,315.03,1853.96,1124,3090,3.14,131.7666807,66,2366.756681,1636.796681,3602.796681
SUNY Oneonta,New York,"Oneonta, New York",NY,Oneonta New York,Oneonta-NY,Oneonta,Mix,yes,13079,5374,-75.0666,42.4551,13820-4015,-75.064,42.4689,314.6,781,781,781,3.36,140.9987411,66,1302.598741,1302.598741,1302.598741
SUNY Oswego,New York,"Oswego, New York",NY,Oswego New York,Oswego-NY,Oswego,Regional,yes,16921,6095,-76.5005,43.4516,13126,-76.541,43.4543,314.6,1455,1075,1835,3.45,144.7754931,66,1980.375493,1600.375493,2360.375493
SUNY Plattsburgh,New York,"Plattsburgh, New York",NY,Plattsburgh New York,Plattsburgh-NY,Plattsburgh,Regional,yes,19841,4286,-73.4563,44.6951,12901-2681,-73.467,44.6929,318.07,1873.5,850,2550,3.19,133.8648762,66,2391.434876,1367.934876,3067.934876
SUNY Potsdam,New York,"Potsdam, New York",NY,Potsdam New York,Potsdam-NY,Potsdam,Mix,yes,14901,2346,44.6615,74.973,13676-2294,-74.974,44.6621,318.07,1124.75,910,1275,3.54,148.5522451,66,1657.372245,1442.622245,1807.622245
Tarleton State University,Texas,"Stephenville, Texas",TX,Stephenville Texas,Stephenville-TX,Stephenville,Regional,yes,20897,11666,-98.2205,32.2147,76401-0000,-98.219,32.2178,,839.5,700,1102,2.99,125.472094,66,1030.972094,891.472094,1293.472094
Tennessee Technological University,Tennessee,"Cookeville, Tennessee",TN,Cookeville Tennessee,Cookeville-TN,Cookeville,Regional,yes,34842,8186,-85.5109,36.1482,38505-0001,-85.504,36.1748,318.59,945.25,640,1260,2.96,124.2131767,66,1454.053177,1148.803177,1768.803177
Texas A&M University,Texas,"College Station, Texas",TX,College Station Texas,College-Station-TX,College Station,Land grant,yes,120511,56006,-96.2959,30.5852,77843,-96.336,30.6187,313.3,1238.1,749,1964,3.09,129.6684851,66,1747.068485,1257.968485,2472.968485
Texas A&M University–Commerce,Texas,"Commerce, Texas",TX,Commerce Texas,Commerce-TX,Commerce,Regional,yes,9090,7517,-95.8992,33.2421,75428,-95.905,33.2421,313.73,1055.06,712.5,1972.5,2.93,122.9542593,66,1557.744259,1215.184259,2475.184259
Texas A&M University–Kingsville,Texas,"Kingsville, Texas",TX,Kingsville Texas,Kingsville-TX,Kingsville,Regional,yes,25402,4755,-97.861,27.5094,78363,-97.882,27.5252,317.2,784,729,885,2.87,120.4364247,66,1287.636425,1232.636425,1388.636425
Texas State University,Texas,"San Marcos, Texas",TX,San Marcos Texas,San-Marcos-TX,San Marcos,Regional,yes,67553,33175,-97.9356,29.8734,78666,-97.943,29.8889,341.21,1347.86,945,1967,2.99,125.472094,66,1880.542094,1477.682094,2499.682094
The Pennsylvania State University,Pennsylvania,"State College, Pennsylvania",PA,State College Pennsylvania,State-College-PA,State College,Flagship,yes,40501,72229,-77.8567,40.7909,16801,-77.863,40.7965,348.36,1325.84,975,1755,3.69,154.8468317,66,1895.046832,1544.206832,2324.206832
The Pennsylvania State University,Pennsylvania,"State College, Pennsylvania",PA,State College Pennsylvania,State College-PA,State College,,yes,"40,745","46,000",-82.9988,39.9612,16801,-77.8599,40.7982,,1301,975,1755,3.89,,66,,,
The University of Alabama,Alabama,"Tuscaloosa, Alabama",AL,Tuscaloosa Alabama,Tuscaloosa-AL,Tuscaloosa,Flagship,yes,227036,30725,-87.5268,33.2348,35487-0100,-87.546,33.2119,318.72,1118.34,465,2346.5,2.95,123.7935376,66,1626.853538,973.5135376,2855.013538
The University of Montana,Montana,"Missoula, Montana",MT,Missoula Montana,Missoula-MT,Missoula,Flagship,yes,73489,7026,-114.021,46.8751,59812,-113.98,46.8593,310.83,1878.71,1200,3527.5,3.39,142.2576584,66,2397.797658,1719.087658,4046.587658
The University of Oklahoma,Oklahoma,"Norman, Oklahoma",OK,Norman Oklahoma,Norman-OK,Norman,Flagship,yes,128026,20800,-97.3471,35.2335,73019,-97.444,35.2094,314.17,949.56,600,2495,2.89,121.2757029,66,1451.005703,1101.445703,2996.445703
Troy University,Alabama,"Troy, Alabama",AL,Troy Alabama,Troy-AL,Troy,Regional,yes,17727,10916,-85.9664,31.8021,36082-0001,-85.958,31.7996,323.48,713.67,662.5,811,2.99,125.472094,66,1228.622094,1177.452094,1325.952094
Tuskegee University,Alabama,"Tuskegee, Alabama",AL,Tuskegee Alabama,Tuskegee-AL,Tuskegee,Black,yes,9395,2184,-85.7131,32.4409,36088-1920,-85.708,32.4309,348.94,1166.48,482.5,1959,3.06,128.4095678,66,1709.829568,1025.849568,2502.349568
University of Alaska Fairbanks,Alaska,"Fairbanks, Alaska",AK,Fairbanks Alaska,Fairbanks-AK,Fairbanks,Land grant,yes,32515,4108,-147.653,64.8353,99775,-147.82,64.8576,316.16,1367.12,1298,1406.5,3.69,154.8468317,66,1904.126832,1835.006832,1943.506832
University of Arkansas,Arkansas,"Fayetteville, Arkansas",AR,Fayetteville Arkansas,Fayetteville-AR,Fayetteville,Flagship,yes,93949,24001,-94.1661,36.0714,72701,-94.177,36.07,318.15,1121.73,710,1828,3.03,127.1506504,66,1633.03065,1221.30065,2339.30065
University of Arkansas at Monticello,Arkansas,"Monticello, Arkansas",AR,Monticello Arkansas,Monticello-AR,Monticello,Regional,yes,8442,1946,-91.7934,33.6257,71656,-91.811,33.5909,322.49,700,700,700,2.95,123.7935376,66,1212.283538,1212.283538,1212.283538
University of California-Davis,California,"Davis, California",CA,Davis California,Davis-CA,Davis,Land grant,yes,66850,31637,-121.737,38.5553,95616-8678,-121.75,38.5397,326.6,2022.99,1325,2522.5,4.49,188.4179606,66,2604.007961,1906.017961,3103.517961
University of California-Santa Barbara,California,"Santa Barbara, California",CA,Santa Barbara California,Santa-Barbara-CA,Santa Barbara,Flagship,yes,88665,23081,-119.72,34.4285,93106,-119.85,34.4163,350.74,3592.83,2800,4295.5,4.43,185.9001259,66,4195.470126,3402.640126,4898.140126
University of California-Santa Cruz,California,"Santa Cruz, California",CA,Santa Cruz California,Santa-Cruz-CA,Santa Cruz,Flagship,yes,62956,17864,-122.035,36.9789,95064-1011,-122.06,36.9956,346.41,3117.54,1890,4268.5,5.05,211.9177507,66,3741.867751,2514.327751,4892.827751
University of Central Arkansas,Arkansas,"Conway, Arkansas",AR,Conway Arkansas,Conway-AR,Conway,Regional,yes,64134,7763,-92.4692,35.0753,72035-0001,-92.458,35.0779,318.15,873.57,605,2075.5,2.95,123.7935376,66,1381.513538,1112.943538,2583.443538
University of Central Missouri,Missouri,"Warrensburg, Missouri",MO,Warrensburg Missouri,Warrensburg-MO,Warrensburg,Regional,yes,20313,6407,-93.726,38.7627,64093,-93.737,38.7591,318.59,695,695,695,3.29,138.0612673,66,1217.651267,1217.651267,1217.651267
University of Central Oklahoma,Oklahoma,"Edmond, Oklahoma",OK,Edmond Oklahoma,Edmond-OK,Edmond,Regional,yes,94428,11420,-97.416,35.6689,73034,-97.472,35.6552,314.17,1051.68,722.5,2625,2.87,120.4364247,66,1552.286425,1223.106425,3125.606425
University of Colorado Boulder,Colorado,"Boulder, Colorado",CO,Boulder Colorado,Boulder-CO,Boulder,Flagship,yes,108250,30414,-105.252,40.0248,80309-0017,-105.27,40.0088,312.78,2314.68,1334.5,5884,2.99,125.472094,66,2818.932094,1838.752094,6388.252094
University of Connecticut,Connecticut,"Storrs, Connecticut",CT,Storrs Connecticut,Storrs-CT,Storrs,Flagship,yes,15979,18362,-72.2514,41.8083,6269,-72.25,41.8091,314.6,1565,1100,2367.5,3.29,138.0612673,66,2083.661267,1618.661267,2886.161267
University of Delaware,Delaware,"Newark, Delaware",DE,Newark Delaware,Newark-DE,Newark,Flagship,yes,30601,18707,-75.7576,39.6776,19716,-75.753,39.6796,318.07,1611.05,1135,3090,3.35,140.579102,66,2135.699102,1659.649102,3614.649102
University of Florida,Florida,"Gainesville, Florida",FL,Gainesville Florida,Gainesville-FL,Gainesville,Flagship,yes,141085,34044,-82.3459,29.6804,32611,-82.348,29.6463,316.77,1443.26,942.5,2068,3.39,142.2576584,66,1968.287658,1467.527658,2593.027658
University of Georgia,Georgia,"Athens, Georgia",GA,Athens Georgia,Athens-GA,Athens,Flagship,yes,96124,30032,-83.3689,33.9508,30602,-83.374,33.9563,315.9,1450.77,775,2609,3.14,131.7666807,66,1964.436681,1288.666681,3122.666681
University of Idaho,Idaho,"Moscow, Idaho",ID,Moscow Idaho,Moscow-ID,Moscow,Flagship,yes,25435,6861,-116.999,46.7308,83844-2282,-117.01,46.7274,317.18,1107.23,542.5,1629,3.41,143.0969366,66,1633.506937,1068.776937,2155.276937
University of Illinois Urbana-Champaign,Illinois,"Champaign-Urbana, Illinois",IL,Champaign-Urbana Illinois,Champaign-Urbana-IL,Champaign-Urbana,Flagship,yes,126638,33889,40.102,88.2272,61820-5711,-88.229,40.1047,349.01,1689.52,445,23350,3.29,138.0612673,66,2242.591267,998.0712673,23903.07127
University of Iowa,Iowa,"Iowa City, Iowa",IA,Iowa City Iowa,Iowa-City-IA,Iowa City,Flagship,yes,74828,21198,-91.5303,41.6559,52242-1316,-91.536,41.6619,316.16,1078.45,737.5,1550,3.09,129.6684851,66,1590.278485,1249.328485,2061.828485
University of Kansas,Kansas,"Lawrence, Kansas",KS,Lawrence Kansas,Lawrence-KS,Lawrence,Flagship,yes,94934,18427,-95.2642,38.9597,66045,-95.248,38.9585,315.99,1052.09,690,2315,3.19,133.8648762,66,1567.944876,1205.854876,2830.854876
University of Maine,Maine,"Orono, Maine",ME,Orono Maine,Orono-ME,Orono,Flagship,yes,10185,9246,44.9019,68.6688,4469,-68.669,44.8993,315.9,1762.5,1275,2250,3.19,133.8648762,66,2278.264876,1790.764876,2765.764876
University of Maine at Augusta,Maine,"Augusta, Maine",ME,Augusta Maine,Augusta-ME,Augusta,Regional,yes,18899,3020,-69.7319,44.3341,04330-9410,-69.796,44.3377,315.9,1058.75,750,1250,3.15,132.1863198,66,1572.83632,1264.08632,1764.08632
University of Mary Washington,Virginia,"Fredericksburg, Virginia",VA,Fredericksburg Virginia,Fredericksburg-VA,Fredericksburg,Regional,yes,27982,3624,-77.4872,38.2992,22401-5300,-77.476,38.3025,317.2,1863.81,1050,3423,3.29,138.0612673,66,2385.071267,1571.261267,3944.261267
University of Maryland Eastern Shore,Maryland,"Princess Anne, Maryland",MD,Princess Anne Maryland,Princess-Anne-MD,Princess Anne,Black,yes,3446,1758,-75.697,38.2054,21853-1299,-75.687,38.2074,316.77,1319,878,1512.5,3.29,138.0612673,66,1839.831267,1398.831267,2033.331267
University of Massachusetts-Amherst,Massachusetts,"Amherst, Massachusetts",MA,Amherst Massachusetts,Amherst-MA,Amherst,Mix,yes,39263,23947,42.3868,72.5301,1003,-72.527,42.386,317.63,1886.94,1375,2394.5,3.19,133.8648762,66,2404.434876,1892.494876,2911.994876
University of Michigan-Ann Arbor,Michigan,"Ann Arbor, Michigan",MI,Ann Arbor Michigan,Ann-Arbor-MI,Ann Arbor,Flagship,yes,123851,32063,-83.731,42.2759,48109,-83.743,42.2759,315.03,1876.49,1231.5,3567.5,3.45,144.7754931,66,2402.295493,1757.305493,4093.305493
University of Minnesota-Crookston,Minnesota,"Crookston, Minnesota",MN,Crookston Minnesota,Crookston-MN,Crookston,Regional,yes,7482,1574,-96.6062,47.7747,56716-5001,-96.606,47.8025,321.53,720.7,580,850,2.99,125.472094,66,1233.702094,1093.002094,1363.002094
University of Minnesota-Morris,Minnesota,"Morris, Minnesota",MN,Morris Minnesota,Morris-MN,Morris,Regional,yes,5105,1189,-95.9046,45.5857,56267,-95.9,45.5898,321.97,730.6,610,995,3.19,133.8648762,66,1252.434876,1131.834876,1516.834876
University of Minnesota-Twin Cities,Minnesota,"Minneapolis, Minnesota",MN,Minneapolis Minnesota,Minneapolis-MN,Minneapolis,Regional,yes,429954,30734,-93.2678,44.9635,55455-0213,-93.235,44.9729,320.67,1704.08,1029,3387.5,3.49,146.4540495,66,2237.20405,1562.12405,3920.62405
University of Mississippi,Mississippi,"Oxford, Mississippi",MS,Oxford Mississippi,Oxford-MS,Oxford,Flagship,yes,25416,15994,-89.5336,34.3627,38677-1848,-89.537,34.3655,315.99,1209.92,945,1499,2.69,112.8829207,66,1704.792921,1439.872921,1993.872921
University of Missouri-Columbia,Missouri,"Columbia, Missouri",MO,Columbia Missouri,Columbia-MO,Columbia,Flagship,yes,126254,23092,-92.3268,38.9472,65211,-92.329,38.9453,316.42,1183.35,550,2394.5,2.99,125.472094,66,1691.242094,1057.892094,2902.392094
University of Montevallo,Alabama,"Montevallo, Alabama",AL,Montevallo Alabama,Montevallo-AL,Montevallo,Regional,yes,7229,2184,-86.8477,33.1246,35115-6000,-86.865,33.1063,348.94,1207.35,587.5,2158,3.09,129.6684851,66,1751.958485,1132.108485,2702.608485
University of Nebraska at Kearney,Nebraska,"Kearney, Nebraska",NE,Kearney Nebraska,Kearney-NE,Kearney,Regional,yes,33790,4289,-99.0833,40.7011,68849-1212,-99.099,40.7015,318.33,1060.58,735,1772.5,3.09,129.6684851,66,1574.578485,1248.998485,2286.498485
University of Nebraska-Lincoln,Nebraska,"Lincoln, Nebraska",NE,Lincoln Nebraska,Lincoln-NE,Lincoln,Regional,yes,291082,19448,-96.6784,40.8099,68588-0419,-96.701,40.8176,318.33,1211.79,904,1807.5,3.69,154.8468317,66,1750.966832,1443.176832,2346.676832
University of New Hampshire,New Hampshire,"Durham, New Hampshire",NH,Durham New Hampshire,Durham-NH,Durham,Flagship,yes,15490,11429,43.1389,70.937,03824-3547,-70.932,43.1359,313.73,2174.96,1155,2985,3.11,130.5077633,66,2685.197763,1665.237763,3495.237763
University of North Carolina at Chapel Hill,North Carolina,"Chapel Hill, North Carolina",NC,Chapel Hill North Carolina,Chapel-Hill-NC,Chapel Hill,Flagship,yes,61960,19722,-79.0391,35.9271,27599,-79.051,35.9118,314.6,1711.71,1183.5,2471.5,3.19,133.8648762,66,2226.174876,1697.964876,2985.964876
University of North Carolina at Pembroke,North Carolina,"Pembroke, North Carolina",NC,Pembroke North Carolina,Pembroke-NC,Pembroke,Regional,yes,2823,6179,-79.1935,34.6766,28372-1510,-79.2,34.6883,315.9,757.5,690,825,3.29,138.0612673,66,1277.461267,1209.961267,1344.961267
University of North Dakota,North Dakota,"Grand Forks, North Dakota",ND,Grand Forks North Dakota,Grand-Forks-ND,Grand Forks,Flagship,yes,59166,8998,-97.0884,47.9214,58202-8193,-97.072,47.9217,324.57,985.44,537.5,1285.5,3.09,129.6684851,66,1505.678485,1057.738485,1805.738485
University of North Georgia,Georgia,"Dahlonega, Georgia",GA,Dahlonega Georgia,Dahlonega-GA,Dahlonega,Regional,yes,7537,16515,-83.9804,34.5311,30597,-83.986,34.5302,320.45,1648.25,883.5,2593,3.29,138.0612673,66,2172.761267,1408.011267,3117.511267
University of North Texas,Texas,"Denton, Texas",TX,Denton Texas,Denton-TX,Denton,Regional,yes,139869,32590,-97.1418,33.2175,76203-1277,-97.148,33.2112,315.47,1478.78,1092.5,2053,3.05,127.9899287,66,1988.239929,1601.959929,2562.459929
University of Northern Iowa,Iowa,"Cedar Falls, Iowa",IA,Cedar Falls Iowa,Cedar-Falls-IA,Cedar Falls,Regional,yes,40713,7812,-92.4536,42.5195,50614-0005,-92.46,42.5149,316.16,1062.94,712.5,1562.5,3.29,138.0612673,66,1583.161267,1232.721267,2082.721267
University of Rhode Island,Rhode Island,"Kingston, Rhode Island",RI,Kingston Rhode Island,Kingston-RI,Kingston,Flagship,yes,7825,13850,-71.5236,41.4738,2881,-71.527,41.4847,319.02,2138.79,1295,3313.5,3.14,131.7666807,66,2655.576681,1811.786681,3830.286681
University of South Dakota,South Dakota,"Vermillion, South Dakota",SD,Vermillion South Dakota,Vermillion-SD,Vermillion,Flagship,yes,11695,5328,-96.9256,42.7811,57069-2390,-96.925,42.786,315.73,668,668,668,2.84,119.1775073,66,1168.907507,1168.907507,1168.907507
University of Southern Maine,Maine,"Gorham, Maine",ME,Gorham Maine,Gorham-ME,Gorham,Regional,yes,7469,4668,43.6619,70.2757,4103,-70.274,43.6629,313.73,2415.85,1719.5,3872.5,3.21,134.7041544,66,2930.284154,2233.934154,4386.934154
University of Southern Mississippi,Mississippi,"Hattiesburg, Mississippi",MS,Hattiesburg Mississippi,Hattiesburg-MS,Hattiesburg,Regional,yes,48730,10597,-89.317,31.3074,39406-0001,-89.331,31.3266,319.8,1010.9,605,1517,2.99,125.472094,66,1522.172094,1116.272094,2028.272094
University of Tennessee at Martin,Tennessee,"Martin, Tennessee",TN,Martin Tennessee,Martin-TN,Martin,Regional,yes,10825,4743,-88.8513,36.3385,38237,-88.864,36.3403,319.89,1050,1050,1050,3.19,133.8648762,66,1569.754876,1569.754876,1569.754876
University of Vermont,Vermont,"Burlington, Vermont",VT,Burlington Vermont,Burlington-VT,Burlington,Flagship,yes,44743,11081,-73.2316,44.4876,05405-0160,-73.197,44.4773,315.9,1968.55,1379,2550,3.39,142.2576584,66,2492.707658,1903.157658,3074.157658
University of Virginia,Virginia,"Charlottesville, Virginia",VA,Charlottesville Virginia,Charlottesville-VA,Charlottesville,Flagship,yes,46553,17041,-78.4855,38.0375,22903-2628,-78.503,38.0357,316.33,1756.19,1036,2762.5,3.23,135.5434326,66,2274.063433,1553.873433,3280.373433
University of West Georgia,Georgia,"Carrollton, Georgia",GA,Carrollton Georgia,Carrollton-GA,Carrollton,Regional,yes,26738,8572,-85.0838,33.5818,30118-0001,-85.098,33.5736,318.28,1145,787.5,1852.5,3.18,133.4452371,66,1662.725237,1305.225237,2370.225237
University of Wisconsin-La Crosse,Wisconsin,"La Crosse, Wisconsin",WI,La Crosse Wisconsin,La-Crosse-WI,La Crosse,Regional,yes,52680,9230,-91.2268,43.8241,54601-9959,-91.232,43.8157,323.27,1064.78,784,1497.5,3.08,129.248846,66,1583.298846,1302.518846,2016.018846
University of Wisconsin-Madison,Wisconsin,"Madison, Wisconsin",WI,Madison Wisconsin,Madison-WI,Madison,Flagship,yes,269840,33506,-89.393,43.0822,53706-1380,-89.404,43.0754,346.67,1796.51,1022.5,2875,3.38,141.8380193,66,2351.018019,1577.008019,3429.508019
University of Wisconsin-Platteville,Wisconsin,"Platteville, Wisconsin",WI,Platteville Wisconsin,Platteville-WI,Platteville,Regional,yes,11836,6124,-90.4681,42.728,53818-3099,-90.486,42.7335,318.07,821.92,649,995,3.29,138.0612673,66,1344.051267,1171.131267,1517.131267
University of Wisconsin-River Falls,Wisconsin,"River Falls, Wisconsin",WI,River Falls Wisconsin,River-Falls-WI,River Falls,Regional,yes,16182,4730,-92.6247,44.8609,54022-5001,-92.623,44.8534,321.1,1052.68,440,1450,3.29,138.0612673,66,1577.841267,965.1612673,1975.161267
University of Wisconsin-Stevens Point,Wisconsin,"Stevens Point, Wisconsin",WI,Stevens Point Wisconsin,Stevens-Point-WI,Stevens Point,Regional,yes,25666,7103,-89.5507,44.5241,54481-3897,-89.571,44.5296,321.1,998.08,596,1349,3.17,133.025598,66,1518.205598,1116.125598,1869.125598
University of Wisconsin-Stout,Wisconsin,"Menomonie, Wisconsin",WI,Menomonie Wisconsin,Menomonie-WI,Menomonie,Regional,yes,16843,6480,-91.9084,44.8893,54751,-91.927,44.8732,323.27,1158,754,1395,3.29,138.0612673,66,1685.331267,1281.331267,1922.331267
University of Wisconsin-Whitewater,Wisconsin,"Whitewater, Wisconsin",WI,Whitewater Wisconsin,Whitewater-WI,Whitewater,Regional,yes,14889,9298,-88.7341,42.8372,53190-1790,-88.742,42.8356,317.2,1004.06,720,1450,3.34,140.1594629,66,1527.419463,1243.359463,1973.359463
University of Wyoming,Wyoming,"Laramie, Wyoming",WY,Laramie Wyoming,Laramie-WY,Laramie,Flagship,yes,31407,8700,-105.609,41.3099,82071,-105.58,41.3118,314.95,800,800,800,2.89,121.2757029,66,1302.225703,1302.225703,1302.225703
Utah State University,Utah,"Logan, Utah",UT,Logan Utah,Logan-UT,Logan,Land grant,yes,52778,20516,-111.842,41.7399,84322-1400,-111.81,41.7407,311.91,1271.56,900,1520,3.29,138.0612673,66,1787.531267,1415.971267,2035.971267
Valdosta State University,Georgia,"Valdosta, Georgia",GA,Valdosta Georgia,Valdosta-GA,Valdosta,Regional,yes,55378,8421,-83.2788,30.8502,31698,-83.289,30.8474,322.83,959.64,690,1350,3.19,133.8648762,66,1482.334876,1212.694876,1872.694876
Vermont State University-Randolph,Vermont,"Randolph, Vermont",VT,Randolph Vermont,Randolph-VT,Randolph,Regional,yes,2083,1177,43.9247,72.6657,5061,-72.604,43.9396,315.9,1100,1100,1100,3.24,135.9630718,66,1617.863072,1617.863072,1617.863072
Virginia Polytechnic Institute and State University,Virginia,"Blacksburg, Virginia",VA,Blacksburg Virginia,Blacksburg-VA,Blacksburg,Land grant,yes,44826,29699,-80.4279,37.23,24061-0131,-80.424,37.229,317.2,1247.55,787.5,1740,3.29,138.0612673,66,1768.811267,1308.761267,2261.261267
Washington and Lee University,Virginia,"Lexington, Virginia",VA,Lexington Virginia,Lexington-VA,Lexington,Mix,yes,7320,1850,-79.4441,37.7825,24450-2116,-79.443,37.7889,318.5,1075,1075,1075,3.29,138.0612673,66,1597.561267,1597.561267,1597.561267
Washington State University,Washington,"Pullman, Washington",WA,Pullman Washington,Pullman-WA,Pullman,Land grant,yes,32901,23966,-117.168,46.7336,99164-5910,-117.16,46.7304,317.18,1123.14,542.5,1629,3.99,167.436005,66,1673.756005,1093.116005,2179.616005
Wayne State University,Michigan,"Detroit, Michigan",MI,Detroit Michigan,Detroit-MI,Detroit,Regional,yes,639111,16530,-83.1024,42.3834,48202,-83.069,42.359,317.2,1656.6,940,3387.5,3.39,142.2576584,66,2182.057658,1465.457658,3912.957658
West Texas A&M University,Texas,"Canyon, Texas",TX,Canyon Texas,Canyon-TX,Canyon,Regional,yes,14836,7015,-101.919,34.9911,79016,-101.91,34.9828,315.03,648.81,500,803,2.69,112.8829207,66,1142.722921,993.9129207,1296.912921
West Virginia University,West Virginia,"Morgantown, West Virginia",WV,Morgantown West Virginia,Morgantown-WV,Morgantown,Flagship,yes,30347,18878,-79.9464,39.6383,26506,-79.954,39.6344,314.17,954,532,1902.5,3.39,142.2576584,66,1476.427658,1054.427658,2424.927658
Western Carolina University,North Carolina,"Cullowhee, North Carolina",NC,Cullowhee North Carolina,Cullowhee-NC,Cullowhee,Regional,yes,7682,9980,-83.1816,35.3097,28723-9646,-83.186,35.309,316.77,1207.21,595,1647.5,3.29,138.0612673,66,1728.041267,1115.831267,2168.331267
Western Illinois University,Illinois,"Macomb, Illinois",IL,Macomb Illinois,Macomb-IL,Macomb,Regional,yes,15051,5268,-90.6807,40.4709,61455,-90.687,40.4681,316.16,578.75,505,650,3.55,148.9718842,66,1109.881884,1036.131884,1181.131884
Western Kentucky University,Kentucky,"Bowling Green, Kentucky",KY,Bowling Green Kentucky,Bowling-Green-KY,Bowling Green,Regional,yes,72294,12526,-86.4378,36.9716,42101-1000,-86.457,36.985,313.82,971.83,645,1897.5,3.09,129.6684851,66,1481.318485,1154.488485,2406.988485
Western Michigan University,Michigan,"Kalamazoo, Michigan",MI,Kalamazoo Michigan,Kalamazoo-MI,Kalamazoo,Regional,yes,73598,14286,-85.5882,42.2749,49008-5200,-85.614,42.2822,313.73,1186.93,802.5,2300,3.47,145.6147713,66,1712.274771,1327.844771,2825.344771
Western Oregon University,Oregon,"Monmouth, Oregon",OR,Monmouth Oregon,Monmouth-OR,Monmouth,Regional,yes,11110,3524,-123.228,44.8505,97361-1394,-123.24,44.8522,321.51,1447.32,900,1982.5,3.49,146.4540495,66,1981.28405,1433.96405,2516.46405
William & Mary,Virginia,"Williamsburg, Virginia",VA,Williamsburg Virginia,Williamsburg-VA,Williamsburg,Flagship,yes,15425,6521,-76.7076,37.2693,23187-8795,-76.708,37.2695,316.33,1556.42,676,2282.5,3.17,133.025598,66,2071.775598,1191.355598,2797.855598
Winona State University,Minnesota,"Winona, Minnesota",MN,Winona Minnesota,Winona-MN,Winona,Mix,yes,25948,5606,-91.6684,44.0505,55987-5838,-91.644,44.0462,321.53,1050.38,612.5,1962.5,3.29,138.0612673,66,1575.971267,1138.091267,2488.091267